Path;SteerAngle;Throttle;Brake;Speed;X_Position;Y_Position;Pitch;Yaw;Roll
/home/fluke/sandbox/udacity/robo_nd/RoboND-Rover-Project/my_dataset/IMG/robocam_2017_12_06_22_14_27_079.jpg;0;0;1;0;99.66998;85.589;0.0002385902;321.3253;-1.206091E-06
/home/fluke/sandbox/udacity/robo_nd/RoboND-Rover-Project/my_dataset/IMG/robocam_2017_12_06_22_14_27_139.jpg;0;0;0;0;99.66998;85.589;0.0002386707;321.3253;-1.777616E-06
/home/fluke/sandbox/udacity/robo_nd/RoboND-Rover-Project/my_dataset/IMG/robocam_2017_12_06_22_14_27_213.jpg;0;0;0;0;99.66998;85.589;0.0002388244;321.3253;-2.443467E-06
/home/fluke/sandbox/udacity/robo_nd/RoboND-Rover-Project/my_dataset/IMG/robocam_2017_12_06_22_14_27_279.jpg;0;0;0;0;99.66998;85.589;0.000238782;321.3253;-2.778268E-06
/home/fluke/sandbox/udacity/robo_nd/RoboND-Rover-Project/my_dataset/IMG/robocam_2017_12_06_22_14_27_338.jpg;0;0;0;0;99.66998;85.589;0.0002386664;321.3253;-3.01875E-06
/home/fluke/sandbox/udacity/robo_nd/RoboND-Rover-Project/my_dataset/IMG/robocam_2017_12_06_22_14_27_405.jpg;0;0;0;0;99.66998;85.589;0.000238574;321.3253;-3.211141E-06
/home/fluke/sandbox/udacity/robo_nd/RoboND-Rover-Project/my_dataset/IMG/robocam_2017_12_06_22_14_27_480.jpg;0;0;0;0;99.66998;85.589;0.0002385278;321.3253;-3.307337E-06
/home/fluke/sandbox/udacity/robo_nd/RoboND-Rover-Project/my_dataset/IMG/robocam_2017_12_06_22_14_27_547.jpg;0;0;0;0;99.66998;85.589;0.0002385278;321.3253;-3.307337E-06
/home/fluke/sandbox/udacity/robo_nd/RoboND-Rover-Project/my_dataset/IMG/robocam_2017_12_06_22_14_27_614.jpg;4.026246;0;0;0;99.66998;85.589;0.0002376509;321.9319;-4.865426E-06
/home/fluke/sandbox/udacity/robo_nd/RoboND-Rover-Project/my_dataset/IMG/robocam_2017_12_06_22_14_27_680.jpg;0.05046844;0;0;0;99.66998;85.589;0.0002358288;322.18;-4.952789E-06
/home/fluke/sandbox/udacity/robo_nd/RoboND-Rover-Project/my_dataset/IMG/robocam_2017_12_06_22_14_27_739.jpg;1.719003;0;0;0;99.66998;85.589;0.0002354201;322.2831;-4.777451E-06
/home/fluke/sandbox/udacity/robo_nd/RoboND-Rover-Project/my_dataset/IMG/robocam_2017_12_06_22_14_27_780.jpg;0;0;0;0;99.66998;85.589;0.0002360384;322.2831;-4.4865E-06
/home/fluke/sandbox/udacity/robo_nd/RoboND-Rover-Project/my_dataset/IMG/robocam_2017_12_06_22_14_27_846.jpg;0;0;0;0;99.66998;85.589;0.0002370111;322.2831;-3.71564E-06
/home/fluke/sandbox/udacity/robo_nd/RoboND-Rover-Project/my_dataset/IMG/robocam_2017_12_06_22_14_27_913.jpg;0;0;0;0;99.66998;85.589;0.0002377217;322.2831;-2.994461E-06
/home/fluke/sandbox/udacity/robo_nd/RoboND-Rover-Project/my_dataset/IMG/robocam_2017_12_06_22_14_27_979.jpg;0;0;0;0;99.66998;85.589;0.0002380021;322.2831;-2.181001E-06
/home/fluke/sandbox/udacity/robo_nd/RoboND-Rover-Project/my_dataset/IMG/robocam_2017_12_06_22_14_28_046.jpg;0;0;0;0;99.66998;85.589;0.0002382807;322.2831;-1.128909E-06
/home/fluke/sandbox/udacity/robo_nd/RoboND-Rover-Project/my_dataset/IMG/robocam_2017_12_06_22_14_28_113.jpg;0;0;0;0;99.66998;85.589;0.0002393492;322.2831;-4.050787E-07
/home/fluke/sandbox/udacity/robo_nd/RoboND-Rover-Project/my_dataset/IMG/robocam_2017_12_06_22_14_28_180.jpg;0;0;0;0;99.66998;85.589;0.0002392011;322.2831;2.620231E-07
/home/fluke/sandbox/udacity/robo_nd/RoboND-Rover-Project/my_dataset/IMG/robocam_2017_12_06_22_14_28_246.jpg;0;0;0;0;99.66998;85.589;0.0002396243;322.2831;1.124265E-06
/home/fluke/sandbox/udacity/robo_nd/RoboND-Rover-Project/my_dataset/IMG/robocam_2017_12_06_22_14_28_305.jpg;0;0;0;0;99.66998;85.589;0.0002402644;322.2831;1.70175E-06
/home/fluke/sandbox/udacity/robo_nd/RoboND-Rover-Project/my_dataset/IMG/robocam_2017_12_06_22_14_28_371.jpg;0;0;0;0;99.66998;85.589;0.0002399752;322.2831;2.081438E-06
/home/fluke/sandbox/udacity/robo_nd/RoboND-Rover-Project/my_dataset/IMG/robocam_2017_12_06_22_14_28_447.jpg;0;0;0;0;99.66998;85.589;0.0002399011;322.2831;2.414989E-06
/home/fluke/sandbox/udacity/robo_nd/RoboND-Rover-Project/my_dataset/IMG/robocam_2017_12_06_22_14_28_507.jpg;0;0;0;0;99.66998;85.589;0.0002406405;322.2831;2.468187E-06
/home/fluke/sandbox/udacity/robo_nd/RoboND-Rover-Project/my_dataset/IMG/robocam_2017_12_06_22_14_28_547.jpg;0;0;0;0;99.66998;85.589;0.0002401398;322.2831;2.416754E-06
/home/fluke/sandbox/udacity/robo_nd/RoboND-Rover-Project/my_dataset/IMG/robocam_2017_12_06_22_14_28_614.jpg;0;0;0;0;99.66998;85.589;0.0002403079;322.2831;2.274812E-06
/home/fluke/sandbox/udacity/robo_nd/RoboND-Rover-Project/my_dataset/IMG/robocam_2017_12_06_22_14_28_681.jpg;0;0;0;0;99.66998;85.589;0.0002404054;322.2831;1.989164E-06
/home/fluke/sandbox/udacity/robo_nd/RoboND-Rover-Project/my_dataset/IMG/robocam_2017_12_06_22_14_28_747.jpg;0;0;0;0;99.66998;85.589;0.0002401468;322.2831;1.462239E-06
/home/fluke/sandbox/udacity/robo_nd/RoboND-Rover-Project/my_dataset/IMG/robocam_2017_12_06_22_14_28_814.jpg;0;0;0;0;99.66998;85.589;0.0002396731;322.2831;9.814437E-07
/home/fluke/sandbox/udacity/robo_nd/RoboND-Rover-Project/my_dataset/IMG/robocam_2017_12_06_22_14_28_881.jpg;0;0;0;0;99.66998;85.589;0.0002391523;322.2831;4.048507E-07
/home/fluke/sandbox/udacity/robo_nd/RoboND-Rover-Project/my_dataset/IMG/robocam_2017_12_06_22_14_28_947.jpg;0;0;0;0;99.66998;85.589;0.0002391829;322.2831;-5.017627E-07
/home/fluke/sandbox/udacity/robo_nd/RoboND-Rover-Project/my_dataset/IMG/robocam_2017_12_06_22_14_29_014.jpg;0;0;0;0;99.66998;85.589;0.0002385916;322.2831;-1.222069E-06
/home/fluke/sandbox/udacity/robo_nd/RoboND-Rover-Project/my_dataset/IMG/robocam_2017_12_06_22_14_29_080.jpg;0;0;0;0;99.66998;85.589;0.0002384776;322.2831;-1.938839E-06
/home/fluke/sandbox/udacity/robo_nd/RoboND-Rover-Project/my_dataset/IMG/robocam_2017_12_06_22_14_29_147.jpg;0;0;0;0;99.66998;85.589;0.0002380074;322.2831;-2.896891E-06
/home/fluke/sandbox/udacity/robo_nd/RoboND-Rover-Project/my_dataset/IMG/robocam_2017_12_06_22_14_29_214.jpg;0;0;0;0;99.66998;85.589;0.0002374396;322.2831;-3.569289E-06
/home/fluke/sandbox/udacity/robo_nd/RoboND-Rover-Project/my_dataset/IMG/robocam_2017_12_06_22_14_29_280.jpg;0;0;0;0;99.66998;85.589;0.0002369189;322.2831;-4.145882E-06
/home/fluke/sandbox/udacity/robo_nd/RoboND-Rover-Project/my_dataset/IMG/robocam_2017_12_06_22_14_29_338.jpg;0;0;0;0;99.66998;85.589;0.0002368989;322.2831;-4.671048E-06
/home/fluke/sandbox/udacity/robo_nd/RoboND-Rover-Project/my_dataset/IMG/robocam_2017_12_06_22_14_29_404.jpg;0;0;0;0;99.66998;85.589;0.0002366167;322.2831;-5.245876E-06
/home/fluke/sandbox/udacity/robo_nd/RoboND-Rover-Project/my_dataset/IMG/robocam_2017_12_06_22_14_29_481.jpg;0;0;0;0;99.66998;85.589;0.0002366908;322.2831;-5.579427E-06
/home/fluke/sandbox/udacity/robo_nd/RoboND-Rover-Project/my_dataset/IMG/robocam_2017_12_06_22_14_29_539.jpg;0;0;0;0;99.66998;85.589;0.0002363346;322.2831;-5.820704E-06
/home/fluke/sandbox/udacity/robo_nd/RoboND-Rover-Project/my_dataset/IMG/robocam_2017_12_06_22_14_29_580.jpg;0;0;0;0;99.66998;85.589;0.0002362876;322.2831;-5.916509E-06
/home/fluke/sandbox/udacity/robo_nd/RoboND-Rover-Project/my_dataset/IMG/robocam_2017_12_06_22_14_29_647.jpg;0;0;0;0;99.66998;85.589;0.0002362406;322.2831;-6.012313E-06
/home/fluke/sandbox/udacity/robo_nd/RoboND-Rover-Project/my_dataset/IMG/robocam_2017_12_06_22_14_29_713.jpg;0;0;0;0;99.66998;85.589;0.0002364792;322.2831;-6.010548E-06
/home/fluke/sandbox/udacity/robo_nd/RoboND-Rover-Project/my_dataset/IMG/robocam_2017_12_06_22_14_29_780.jpg;0;0;0;0;99.66998;85.589;0.0002363111;322.2831;-5.868606E-06
/home/fluke/sandbox/udacity/robo_nd/RoboND-Rover-Project/my_dataset/IMG/robocam_2017_12_06_22_14_29_847.jpg;-3.017389;0;0;0;99.66998;85.589;0.0002365618;321.7415;-3.063409E-06
/home/fluke/sandbox/udacity/robo_nd/RoboND-Rover-Project/my_dataset/IMG/robocam_2017_12_06_22_14_29_914.jpg;-6.008942;0;0;0;99.66998;85.589;0.0002354487;320.7499;2.327476E-06
/home/fluke/sandbox/udacity/robo_nd/RoboND-Rover-Project/my_dataset/IMG/robocam_2017_12_06_22_14_29_980.jpg;-9.024882;0;0;0;99.66998;85.589;0.0002347023;319.3048;8.124306E-06
/home/fluke/sandbox/udacity/robo_nd/RoboND-Rover-Project/my_dataset/IMG/robocam_2017_12_06_22_14_30_046.jpg;-12.00263;0;0;0;99.66998;85.589;0.000232607;316.6015;1.613489E-05
/home/fluke/sandbox/udacity/robo_nd/RoboND-Rover-Project/my_dataset/IMG/robocam_2017_12_06_22_14_30_114.jpg;-15;0;0;0;99.66998;85.589;0.0002303708;313.9919;2.578356E-05
/home/fluke/sandbox/udacity/robo_nd/RoboND-Rover-Project/my_dataset/IMG/robocam_2017_12_06_22_14_30_180.jpg;-15;0;0;0;99.66998;85.589;0.0002266958;311.292;3.291792E-05
/home/fluke/sandbox/udacity/robo_nd/RoboND-Rover-Project/my_dataset/IMG/robocam_2017_12_06_22_14_30_247.jpg;-15;0;0;0;99.66998;85.589;0.0002246249;307.692;4.094628E-05
/home/fluke/sandbox/udacity/robo_nd/RoboND-Rover-Project/my_dataset/IMG/robocam_2017_12_06_22_14_30_305.jpg;-15;0;0;0;99.66998;85.589;0.0002248619;304.992;4.633201E-05
/home/fluke/sandbox/udacity/robo_nd/RoboND-Rover-Project/my_dataset/IMG/robocam_2017_12_06_22_14_30_370.jpg;-15;0;0;0;99.66998;85.589;0.0002254708;302.2921;4.849548E-05
/home/fluke/sandbox/udacity/robo_nd/RoboND-Rover-Project/my_dataset/IMG/robocam_2017_12_06_22_14_30_438.jpg;-15;0;0;0;99.66998;85.589;0.0002257785;299.5921;5.074525E-05
/home/fluke/sandbox/udacity/robo_nd/RoboND-Rover-Project/my_dataset/IMG/robocam_2017_12_06_22_14_30_508.jpg;-15;0;0;0;99.66998;85.589;0.0002273066;295.9921;5.189063E-05
/home/fluke/sandbox/udacity/robo_nd/RoboND-Rover-Project/my_dataset/IMG/robocam_2017_12_06_22_14_30_580.jpg;-15;0;0;0;99.66998;85.589;0.0002291506;293.2921;4.915382E-05
/home/fluke/sandbox/udacity/robo_nd/RoboND-Rover-Project/my_dataset/IMG/robocam_2017_12_06_22_14_30_646.jpg;-13.48161;0.1012259;0;0;99.66994;85.5889;0.00224028;291.5167;-0.001796449
/home/fluke/sandbox/udacity/robo_nd/RoboND-Rover-Project/my_dataset/IMG/robocam_2017_12_06_22_14_30_713.jpg;-10.51773;0.2988181;0;0.01197645;99.67033;85.58785;0.02546985;291.5401;-0.002229732
/home/fluke/sandbox/udacity/robo_nd/RoboND-Rover-Project/my_dataset/IMG/robocam_2017_12_06_22_14_30_779.jpg;-7.512807;0.4991462;0;0.03455594;99.6711;85.58545;0.07677541;291.4026;-0.005139367
/home/fluke/sandbox/udacity/robo_nd/RoboND-Rover-Project/my_dataset/IMG/robocam_2017_12_06_22_14_30_846.jpg;-4.532905;0.6978064;0;0.05658127;99.67361;85.57809;0.2321561;291.2437;359.9889
/home/fluke/sandbox/udacity/robo_nd/RoboND-Rover-Project/my_dataset/IMG/robocam_2017_12_06_22_14_30_913.jpg;-1.526009;0.8982661;0;0.09689473;99.67693;85.56921;0.411718;291.0884;359.9884
/home/fluke/sandbox/udacity/robo_nd/RoboND-Rover-Project/my_dataset/IMG/robocam_2017_12_06_22_14_30_979.jpg;0;1;0;0.1665701;99.68203;85.55646;0.6396329;291.225;0.00742904
/home/fluke/sandbox/udacity/robo_nd/RoboND-Rover-Project/my_dataset/IMG/robocam_2017_12_06_22_14_31_046.jpg;0;1;0;0.2048088;99.69035;85.53467;0.975827;291.4873;-0.00226603
/home/fluke/sandbox/udacity/robo_nd/RoboND-Rover-Project/my_dataset/IMG/robocam_2017_12_06_22_14_31_113.jpg;0;1;0;0.25138;99.69786;85.5154;1.226433;291.4087;-0.0001864855
/home/fluke/sandbox/udacity/robo_nd/RoboND-Rover-Project/my_dataset/IMG/robocam_2017_12_06_22_14_31_179.jpg;0;1;0;0.3150235;99.70573;85.49622;1.318594;291.3051;-0.001132457
/home/fluke/sandbox/udacity/robo_nd/RoboND-Rover-Project/my_dataset/IMG/robocam_2017_12_06_22_14_31_247.jpg;0;1;0;0.3947194;99.71629;85.46949;1.156275;291.4285;-0.001390226
/home/fluke/sandbox/udacity/robo_nd/RoboND-Rover-Project/my_dataset/IMG/robocam_2017_12_06_22_14_31_305.jpg;0;1;0;0.4427864;99.72585;85.44486;1.098351;291.407;0.001499542
/home/fluke/sandbox/udacity/robo_nd/RoboND-Rover-Project/my_dataset/IMG/robocam_2017_12_06_22_14_31_370.jpg;0;1;0;0.4897947;99.73666;85.41698;1.092773;291.5178;-0.002324074
/home/fluke/sandbox/udacity/robo_nd/RoboND-Rover-Project/my_dataset/IMG/robocam_2017_12_06_22_14_31_437.jpg;0;1;0;0.549951;99.74924;85.38489;1.155192;291.605;-4.543266E-05
/home/fluke/sandbox/udacity/robo_nd/RoboND-Rover-Project/my_dataset/IMG/robocam_2017_12_06_22_14_31_504.jpg;0;1;0;0.5953242;99.76733;85.33861;1.236121;291.4993;-0.001109951
/home/fluke/sandbox/udacity/robo_nd/RoboND-Rover-Project/my_dataset/IMG/robocam_2017_12_06_22_14_31_580.jpg;0;1;0;0.6311663;99.78156;85.30224;1.228666;291.5333;-0.0001887274
/home/fluke/sandbox/udacity/robo_nd/RoboND-Rover-Project/my_dataset/IMG/robocam_2017_12_06_22_14_31_646.jpg;0;1;0;0.7102917;99.80233;85.24899;1.208126;291.5148;-0.0007685805
/home/fluke/sandbox/udacity/robo_nd/RoboND-Rover-Project/my_dataset/IMG/robocam_2017_12_06_22_14_31_713.jpg;0;1;0;0.7646608;99.81928;85.20544;1.19496;291.4724;-0.0005823335
/home/fluke/sandbox/udacity/robo_nd/RoboND-Rover-Project/my_dataset/IMG/robocam_2017_12_06_22_14_31_779.jpg;0;1;0;0.8312393;99.83728;85.15917;1.200109;291.5224;-0.001393784
/home/fluke/sandbox/udacity/robo_nd/RoboND-Rover-Project/my_dataset/IMG/robocam_2017_12_06_22_14_31_846.jpg;0;1;0;0.8822833;99.86326;85.09248;1.223226;291.5868;-0.00112553
/home/fluke/sandbox/udacity/robo_nd/RoboND-Rover-Project/my_dataset/IMG/robocam_2017_12_06_22_14_31_913.jpg;0;1;0;0.9260859;99.88398;85.03945;1.227829;291.638;-0.001080378
/home/fluke/sandbox/udacity/robo_nd/RoboND-Rover-Project/my_dataset/IMG/robocam_2017_12_06_22_14_31_979.jpg;0;1;0;0.997992;99.9058;84.98373;1.224279;291.6188;-0.0006392489
/home/fluke/sandbox/udacity/robo_nd/RoboND-Rover-Project/my_dataset/IMG/robocam_2017_12_06_22_14_32_046.jpg;0;1;0;1.046079;99.93643;84.90562;1.210919;291.6198;9.362918E-05
/home/fluke/sandbox/udacity/robo_nd/RoboND-Rover-Project/my_dataset/IMG/robocam_2017_12_06_22_14_32_113.jpg;0;1;0;1.090285;99.96074;84.84354;1.228556;291.6721;-0.001178639
/home/fluke/sandbox/udacity/robo_nd/RoboND-Rover-Project/my_dataset/IMG/robocam_2017_12_06_22_14_32_180.jpg;0;1;0;1.15054;99.98595;84.77925;1.228198;291.6857;-0.0008268829
/home/fluke/sandbox/udacity/robo_nd/RoboND-Rover-Project/my_dataset/IMG/robocam_2017_12_06_22_14_32_247.jpg;0;1;0;1.201045;100.0213;84.68932;1.228075;291.6394;-0.0006775182
/home/fluke/sandbox/udacity/robo_nd/RoboND-Rover-Project/my_dataset/IMG/robocam_2017_12_06_22_14_32_304.jpg;0;1;0;1.246057;100.049;84.61875;1.23092;291.6129;-0.0006372489
/home/fluke/sandbox/udacity/robo_nd/RoboND-Rover-Project/my_dataset/IMG/robocam_2017_12_06_22_14_32_370.jpg;0;1;0;1.294116;100.0777;84.54545;1.235678;291.5866;-0.000725663
/home/fluke/sandbox/udacity/robo_nd/RoboND-Rover-Project/my_dataset/IMG/robocam_2017_12_06_22_14_32_447.jpg;0;1;0;1.35659;100.1176;84.4436;1.241419;291.5601;-0.0008523728
/home/fluke/sandbox/udacity/robo_nd/RoboND-Rover-Project/my_dataset/IMG/robocam_2017_12_06_22_14_32_514.jpg;0;1;0;1.404015;100.1486;84.36414;1.244868;291.5433;-0.0009103109
/home/fluke/sandbox/udacity/robo_nd/RoboND-Rover-Project/my_dataset/IMG/robocam_2017_12_06_22_14_32_572.jpg;0;1;0;1.451344;100.1807;84.28204;1.247177;291.5295;-0.0009436167
/home/fluke/sandbox/udacity/robo_nd/RoboND-Rover-Project/my_dataset/IMG/robocam_2017_12_06_22_14_32_613.jpg;0;1;0;1.482926;100.2026;84.22581;1.251145;291.5207;-0.0009644338
/home/fluke/sandbox/udacity/robo_nd/RoboND-Rover-Project/my_dataset/IMG/robocam_2017_12_06_22_14_32_679.jpg;0;1;0;1.546163;100.2363;84.13926;1.256667;291.5078;-0.0009474097
/home/fluke/sandbox/udacity/robo_nd/RoboND-Rover-Project/my_dataset/IMG/robocam_2017_12_06_22_14_32_746.jpg;0;1;0;1.59167;100.2828;84.01988;1.260489;291.4952;-0.0009862671
/home/fluke/sandbox/udacity/robo_nd/RoboND-Rover-Project/my_dataset/IMG/robocam_2017_12_06_22_14_32_813.jpg;0;1;0;1.638848;100.3189;83.92729;1.265006;291.4827;-0.0009817854
/home/fluke/sandbox/udacity/robo_nd/RoboND-Rover-Project/my_dataset/IMG/robocam_2017_12_06_22_14_32_879.jpg;0;1;0;1.700321;100.3559;83.83209;1.270517;291.4712;-0.001008902
/home/fluke/sandbox/udacity/robo_nd/RoboND-Rover-Project/my_dataset/IMG/robocam_2017_12_06_22_14_32_946.jpg;0;1;0;1.74551;100.4068;83.70122;1.274618;291.4569;-0.00103978
/home/fluke/sandbox/udacity/robo_nd/RoboND-Rover-Project/my_dataset/IMG/robocam_2017_12_06_22_14_33_012.jpg;0;1;0;1.791198;100.4461;83.60002;1.280174;291.4459;-0.001050324
/home/fluke/sandbox/udacity/robo_nd/RoboND-Rover-Project/my_dataset/IMG/robocam_2017_12_06_22_14_33_079.jpg;0;1;0;1.852623;100.4863;83.49632;1.282927;291.4366;-0.001072368
/home/fluke/sandbox/udacity/robo_nd/RoboND-Rover-Project/my_dataset/IMG/robocam_2017_12_06_22_14_33_146.jpg;0;1;0;1.897944;100.5415;83.35404;1.288469;291.4207;-0.001100419
/home/fluke/sandbox/udacity/robo_nd/RoboND-Rover-Project/my_dataset/IMG/robocam_2017_12_06_22_14_33_213.jpg;0;1;0;1.943124;100.584;83.24438;1.292197;291.4096;-0.00108294
/home/fluke/sandbox/udacity/robo_nd/RoboND-Rover-Project/my_dataset/IMG/robocam_2017_12_06_22_14_33_278.jpg;0;1;0;2.003042;100.6275;83.13218;1.298009;291.3993;-0.001140454
/home/fluke/sandbox/udacity/robo_nd/RoboND-Rover-Project/my_dataset/IMG/robocam_2017_12_06_22_14_33_338.jpg;0;1;0;2.047355;100.6719;83.01753;1.298425;291.3874;-0.001159162
/home/fluke/sandbox/udacity/robo_nd/RoboND-Rover-Project/my_dataset/IMG/robocam_2017_12_06_22_14_33_413.jpg;0;1;0;2.092566;100.7326;82.8607;1.303857;291.3732;-0.001184037
/home/fluke/sandbox/udacity/robo_nd/RoboND-Rover-Project/my_dataset/IMG/robocam_2017_12_06_22_14_33_479.jpg;0;1;0;2.15183;100.7792;82.74013;1.309057;291.3607;-0.001182625
/home/fluke/sandbox/udacity/robo_nd/RoboND-Rover-Project/my_dataset/IMG/robocam_2017_12_06_22_14_33_546.jpg;0;1;0;2.196189;100.8428;82.57558;1.311781;291.3456;-0.001190206
/home/fluke/sandbox/udacity/robo_nd/RoboND-Rover-Project/my_dataset/IMG/robocam_2017_12_06_22_14_33_613.jpg;0;1;0;2.240112;100.8915;82.44924;1.316475;291.3357;-0.001260316
/home/fluke/sandbox/udacity/robo_nd/RoboND-Rover-Project/my_dataset/IMG/robocam_2017_12_06_22_14_33_679.jpg;-2.975889;1;0;2.298146;100.9404;82.32021;1.315762;291.1682;4.958531E-05
/home/fluke/sandbox/udacity/robo_nd/RoboND-Rover-Project/my_dataset/IMG/robocam_2017_12_06_22_14_33_746.jpg;-5.975007;1;0;2.341603;101.0037;82.14333;1.311397;290.4171;0.001335278
/home/fluke/sandbox/udacity/robo_nd/RoboND-Rover-Project/my_dataset/IMG/robocam_2017_12_06_22_14_33_812.jpg;-8.978168;1;0;2.38331;101.0487;82.00681;1.302199;289.4351;359.9805
/home/fluke/sandbox/udacity/robo_nd/RoboND-Rover-Project/my_dataset/IMG/robocam_2017_12_06_22_14_33_880.jpg;-11.99191;1;0;2.43645;101.0901;81.86716;1.267828;288.0897;359.9212
/home/fluke/sandbox/udacity/robo_nd/RoboND-Rover-Project/my_dataset/IMG/robocam_2017_12_06_22_14_33_946.jpg;-14.99462;1;0;2.474663;101.1376;81.67697;1.123313;285.6786;359.7929
/home/fluke/sandbox/udacity/robo_nd/RoboND-Rover-Project/my_dataset/IMG/robocam_2017_12_06_22_14_34_013.jpg;-15;1;0;2.513661;101.1674;81.53129;0.9557354;283.6582;359.6557
/home/fluke/sandbox/udacity/robo_nd/RoboND-Rover-Project/my_dataset/IMG/robocam_2017_12_06_22_14_34_079.jpg;-15;1;0;2.566271;101.1923;81.38287;0.7613413;281.6165;359.4836
/home/fluke/sandbox/udacity/robo_nd/RoboND-Rover-Project/my_dataset/IMG/robocam_2017_12_06_22_14_34_147.jpg;-15;1;0;2.604567;101.218;81.18118;0.460848;278.8796;359.2216
/home/fluke/sandbox/udacity/robo_nd/RoboND-Rover-Project/my_dataset/IMG/robocam_2017_12_06_22_14_34_213.jpg;-12.00745;1;0;2.643701;101.2329;81.02709;0.2146909;277.0246;359.0382
/home/fluke/sandbox/udacity/robo_nd/RoboND-Rover-Project/my_dataset/IMG/robocam_2017_12_06_22_14_34_278.jpg;-9.012612;1;0;2.699152;101.2449;80.87005;359.9826;275.4942;358.8763
/home/fluke/sandbox/udacity/robo_nd/RoboND-Rover-Project/my_dataset/IMG/robocam_2017_12_06_22_14_34_337.jpg;-6.329845;1;0;2.734155;101.2565;80.70745;359.9337;274.3944;358.841
/home/fluke/sandbox/udacity/robo_nd/RoboND-Rover-Project/my_dataset/IMG/robocam_2017_12_06_22_14_34_404.jpg;-3.356831;1;0;2.779467;101.2705;80.48318;0.06821323;273.4198;358.9377
/home/fluke/sandbox/udacity/robo_nd/RoboND-Rover-Project/my_dataset/IMG/robocam_2017_12_06_22_14_34_474.jpg;-0.3643763;1;0;2.818184;101.2805;80.31194;0.1653604;273.0955;359.0728
/home/fluke/sandbox/udacity/robo_nd/RoboND-Rover-Project/my_dataset/IMG/robocam_2017_12_06_22_14_34_546.jpg;0;1;0;2.874083;101.2936;80.07871;0.3481873;273.0086;359.2842
/home/fluke/sandbox/udacity/robo_nd/RoboND-Rover-Project/my_dataset/IMG/robocam_2017_12_06_22_14_34_613.jpg;0;1;0;2.914146;101.3033;79.90001;0.5387507;273.0058;359.4454
/home/fluke/sandbox/udacity/robo_nd/RoboND-Rover-Project/my_dataset/IMG/robocam_2017_12_06_22_14_34_680.jpg;0;1;0;2.967496;101.3131;79.71833;0.7624046;273.0169;359.6119
/home/fluke/sandbox/udacity/robo_nd/RoboND-Rover-Project/my_dataset/IMG/robocam_2017_12_06_22_14_34_747.jpg;2.981608;1;0;3.007141;101.3289;79.47186;1.096542;273.3338;359.8783
/home/fluke/sandbox/udacity/robo_nd/RoboND-Rover-Project/my_dataset/IMG/robocam_2017_12_06_22_14_34_813.jpg;5.985542;1;0;3.045757;101.3436;79.28458;1.340583;273.9768;0.06571075
/home/fluke/sandbox/udacity/robo_nd/RoboND-Rover-Project/my_dataset/IMG/robocam_2017_12_06_22_14_34_879.jpg;2.987691;1;0;3.094766;101.3575;79.09808;1.411215;274.6685;0.09949892
/home/fluke/sandbox/udacity/robo_nd/RoboND-Rover-Project/my_dataset/IMG/robocam_2017_12_06_22_14_34_946.jpg;0;1;0;3.131844;101.3761;78.84901;1.290908;275.183;-0.004562947
/home/fluke/sandbox/udacity/robo_nd/RoboND-Rover-Project/my_dataset/IMG/robocam_2017_12_06_22_14_35_013.jpg;0;1;0;3.187279;101.393;78.6585;1.242167;275.2876;-0.002110918
/home/fluke/sandbox/udacity/robo_nd/RoboND-Rover-Project/my_dataset/IMG/robocam_2017_12_06_22_14_35_080.jpg;0;1;0;3.23987;101.4102;78.465;1.230602;275.3026;-0.001067286
/home/fluke/sandbox/udacity/robo_nd/RoboND-Rover-Project/my_dataset/IMG/robocam_2017_12_06_22_14_35_147.jpg;0;1;0;3.279338;101.4336;78.20249;1.261683;275.2867;-0.0009314061
/home/fluke/sandbox/udacity/robo_nd/RoboND-Rover-Project/my_dataset/IMG/robocam_2017_12_06_22_14_35_213.jpg;0;1;0;3.318765;101.4513;78.00239;1.312036;275.2683;-0.0009878615
/home/fluke/sandbox/udacity/robo_nd/RoboND-Rover-Project/my_dataset/IMG/robocam_2017_12_06_22_14_35_271.jpg;0;1;0;3.371268;101.4692;77.79963;1.379346;275.248;-0.001040298
/home/fluke/sandbox/udacity/robo_nd/RoboND-Rover-Project/my_dataset/IMG/robocam_2017_12_06_22_14_35_338.jpg;0;1;0;3.410049;101.4872;77.59488;1.425095;275.2274;-0.001648486
/home/fluke/sandbox/udacity/robo_nd/RoboND-Rover-Project/my_dataset/IMG/robocam_2017_12_06_22_14_35_404.jpg;-3.020307;1;0;3.451242;101.5096;77.31931;1.406775;274.9336;0.0001389002
/home/fluke/sandbox/udacity/robo_nd/RoboND-Rover-Project/my_dataset/IMG/robocam_2017_12_06_22_14_35_473.jpg;-6.011914;1;0;3.492194;101.5238;77.10961;1.393694;274.3198;0.00119981
/home/fluke/sandbox/udacity/robo_nd/RoboND-Rover-Project/my_dataset/IMG/robocam_2017_12_06_22_14_35_546.jpg;-9.389834;1;0;3.541557;101.5368;76.8265;1.363481;272.8835;359.967
/home/fluke/sandbox/udacity/robo_nd/RoboND-Rover-Project/my_dataset/IMG/robocam_2017_12_06_22_14_35_613.jpg;-12.37072;1;0;3.577625;101.5396;76.61253;1.283911;271.2872;359.8662
/home/fluke/sandbox/udacity/robo_nd/RoboND-Rover-Project/my_dataset/IMG/robocam_2017_12_06_22_14_35_679.jpg;-15;1;0;3.62362;101.5351;76.39827;1.10712;269.2474;359.72
/home/fluke/sandbox/udacity/robo_nd/RoboND-Rover-Project/my_dataset/IMG/robocam_2017_12_06_22_14_35_746.jpg;-15;1;0;3.655389;101.5166;76.1125;0.7462858;266.1949;359.4279
/home/fluke/sandbox/udacity/robo_nd/RoboND-Rover-Project/my_dataset/IMG/robocam_2017_12_06_22_14_35_813.jpg;-13.49308;1;0;3.689467;101.4933;75.89811;0.40288;263.9393;359.1473
/home/fluke/sandbox/udacity/robo_nd/RoboND-Rover-Project/my_dataset/IMG/robocam_2017_12_06_22_14_35_879.jpg;-10.47957;1;0;3.735936;101.4634;75.68315;0.02835006;261.9844;358.8464
/home/fluke/sandbox/udacity/robo_nd/RoboND-Rover-Project/my_dataset/IMG/robocam_2017_12_06_22_14_35_947.jpg;-7.445215;1;0;3.767062;101.4186;75.39031;359.7645;260.2249;358.6941
/home/fluke/sandbox/udacity/robo_nd/RoboND-Rover-Project/my_dataset/IMG/robocam_2017_12_06_22_14_36_013.jpg;1.495031;1;0;3.785826;101.3837;75.16431;359.8292;259.7445;358.8407
/home/fluke/sandbox/udacity/robo_nd/RoboND-Rover-Project/my_dataset/IMG/robocam_2017_12_06_22_14_36_080.jpg;4.488162;1;0;3.84567;101.3472;74.93211;0.07259821;259.8043;359.1068
/home/fluke/sandbox/udacity/robo_nd/RoboND-Rover-Project/my_dataset/IMG/robocam_2017_12_06_22_14_36_147.jpg;7.495197;1;0;3.881022;101.3;74.6188;0.3958645;260.8043;359.5088
/home/fluke/sandbox/udacity/robo_nd/RoboND-Rover-Project/my_dataset/IMG/robocam_2017_12_06_22_14_36_214.jpg;10.48189;1;0;3.914623;101.27;74.38007;0.67747;262.1321;359.9089
/home/fluke/sandbox/udacity/robo_nd/RoboND-Rover-Project/my_dataset/IMG/robocam_2017_12_06_22_14_36_271.jpg;13.49528;1;0;3.956326;101.2463;74.13959;0.9230583;263.8745;0.3644712
/home/fluke/sandbox/udacity/robo_nd/RoboND-Rover-Project/my_dataset/IMG/robocam_2017_12_06_22_14_36_338.jpg;15;1;0;3.982871;101.229;73.8997;1.030735;266.0127;0.7868692
/home/fluke/sandbox/udacity/robo_nd/RoboND-Rover-Project/my_dataset/IMG/robocam_2017_12_06_22_14_36_404.jpg;15;1;0;4.004138;101.2182;73.58294;0.8813252;269.2301;1.284939
/home/fluke/sandbox/udacity/robo_nd/RoboND-Rover-Project/my_dataset/IMG/robocam_2017_12_06_22_14_36_477.jpg;15;1;0;4.022599;101.2179;73.34789;0.5643371;271.4345;1.53442
/home/fluke/sandbox/udacity/robo_nd/RoboND-Rover-Project/my_dataset/IMG/robocam_2017_12_06_22_14_36_547.jpg;15;1;0;4.035583;101.2282;73.03831;359.8821;273.9819;1.637094
/home/fluke/sandbox/udacity/robo_nd/RoboND-Rover-Project/my_dataset/IMG/robocam_2017_12_06_22_14_36_613.jpg;15;1;0;4.043032;101.2427;72.80219;359.5779;275.7031;1.433217
/home/fluke/sandbox/udacity/robo_nd/RoboND-Rover-Project/my_dataset/IMG/robocam_2017_12_06_22_14_36_679.jpg;15;1;0;4.075106;101.2671;72.56112;359.525;277.6261;1.179023
/home/fluke/sandbox/udacity/robo_nd/RoboND-Rover-Project/my_dataset/IMG/robocam_2017_12_06_22_14_36_746.jpg;15;1;0;4.11041;101.3215;72.22942;359.9524;280.3569;0.9691876
/home/fluke/sandbox/udacity/robo_nd/RoboND-Rover-Project/my_dataset/IMG/robocam_2017_12_06_22_14_36_813.jpg;15;1;0;4.170648;101.3785;71.97918;0.3283248;282.8258;1.023571
/home/fluke/sandbox/udacity/robo_nd/RoboND-Rover-Project/my_dataset/IMG/robocam_2017_12_06_22_14_36_880.jpg;15;1;0;4.205672;101.4429;71.73288;0.5032761;285.3884;1.073189
/home/fluke/sandbox/udacity/robo_nd/RoboND-Rover-Project/my_dataset/IMG/robocam_2017_12_06_22_14_36_947.jpg;15;1;0;4.227435;101.5429;71.41238;0.4164258;288.8697;1.193947
/home/fluke/sandbox/udacity/robo_nd/RoboND-Rover-Project/my_dataset/IMG/robocam_2017_12_06_22_14_37_013.jpg;15;1;0;4.247114;101.6272;71.1777;0.1359305;291.2606;1.263266
/home/fluke/sandbox/udacity/robo_nd/RoboND-Rover-Project/my_dataset/IMG/robocam_2017_12_06_22_14_37_079.jpg;15;1;0;4.275236;101.7186;70.94415;359.868;293.3372;1.195272
/home/fluke/sandbox/udacity/robo_nd/RoboND-Rover-Project/my_dataset/IMG/robocam_2017_12_06_22_14_37_146.jpg;15;1;0;4.321937;101.8645;70.6291;359.9858;296.3752;1.234265
/home/fluke/sandbox/udacity/robo_nd/RoboND-Rover-Project/my_dataset/IMG/robocam_2017_12_06_22_14_37_213.jpg;15;1;0;4.351829;101.9844;70.39758;-0.0008782663;298.5294;1.268144
/home/fluke/sandbox/udacity/robo_nd/RoboND-Rover-Project/my_dataset/IMG/robocam_2017_12_06_22_14_37_279.jpg;15;1;0;4.36613;102.1118;70.16834;0.02900365;300.6134;1.192528
/home/fluke/sandbox/udacity/robo_nd/RoboND-Rover-Project/my_dataset/IMG/robocam_2017_12_06_22_14_37_337.jpg;12.39315;1;0;4.412718;102.2492;69.94337;0.009111179;302.724;1.155984
/home/fluke/sandbox/udacity/robo_nd/RoboND-Rover-Project/my_dataset/IMG/robocam_2017_12_06_22_14_37_406.jpg;9.43049;1;0;4.438117;102.4468;69.64871;0.0212849;305.15;1.192055
/home/fluke/sandbox/udacity/robo_nd/RoboND-Rover-Project/my_dataset/IMG/robocam_2017_12_06_22_14_37_479.jpg;9.573805;1;0;4.480193;102.6015;69.42985;0.007217189;306.5755;1.129158
/home/fluke/sandbox/udacity/robo_nd/RoboND-Rover-Project/my_dataset/IMG/robocam_2017_12_06_22_14_37_546.jpg;12.60104;0.9000194;0;4.505108;102.8217;69.14535;359.9899;308.4942;1.181639
/home/fluke/sandbox/udacity/robo_nd/RoboND-Rover-Project/my_dataset/IMG/robocam_2017_12_06_22_14_37_613.jpg;15;0.7007649;0;4.527913;102.9949;68.9359;0.02123749;310.2876;1.183134
/home/fluke/sandbox/udacity/robo_nd/RoboND-Rover-Project/my_dataset/IMG/robocam_2017_12_06_22_14_37_680.jpg;15;0.5000262;0;4.543599;103.1744;68.73214;0.002185341;312.2842;1.185583
/home/fluke/sandbox/udacity/robo_nd/RoboND-Rover-Project/my_dataset/IMG/robocam_2017_12_06_22_14_37_747.jpg;15;0.2992182;0;4.544402;103.4244;68.4699;359.9937;315.0486;1.184326
/home/fluke/sandbox/udacity/robo_nd/RoboND-Rover-Project/my_dataset/IMG/robocam_2017_12_06_22_14_37_813.jpg;15;0.09886932;0;4.535725;103.6195;68.2816;-0.004437328;317.1403;1.189097
/home/fluke/sandbox/udacity/robo_nd/RoboND-Rover-Project/my_dataset/IMG/robocam_2017_12_06_22_14_37_879.jpg;15;0;0;4.508966;103.8202;68.10117;359.9896;319.2551;1.196495
/home/fluke/sandbox/udacity/robo_nd/RoboND-Rover-Project/my_dataset/IMG/robocam_2017_12_06_22_14_37_946.jpg;15;0;0;4.491776;104.0964;67.87344;0.006757779;322.0647;1.226203
/home/fluke/sandbox/udacity/robo_nd/RoboND-Rover-Project/my_dataset/IMG/robocam_2017_12_06_22_14_38_013.jpg;15;0;0;4.46056;104.3088;67.71297;359.9837;324.1611;1.246871
/home/fluke/sandbox/udacity/robo_nd/RoboND-Rover-Project/my_dataset/IMG/robocam_2017_12_06_22_14_38_075.jpg;12.02352;0;0;4.430643;104.5257;67.55979;-0.003054855;326.1627;1.241952
/home/fluke/sandbox/udacity/robo_nd/RoboND-Rover-Project/my_dataset/IMG/robocam_2017_12_06_22_14_38_145.jpg;-1.376681;0;0;4.414668;104.8156;67.36086;359.9393;327.2128;1.057915
/home/fluke/sandbox/udacity/robo_nd/RoboND-Rover-Project/my_dataset/IMG/robocam_2017_12_06_22_14_38_212.jpg;-4.627529;0;0;4.397733;105.0337;67.21452;359.8864;327.0776;0.9000553
/home/fluke/sandbox/udacity/robo_nd/RoboND-Rover-Project/my_dataset/IMG/robocam_2017_12_06_22_14_38_279.jpg;-7.688928;0;0;4.376469;105.2499;67.0677;359.8058;326.4364;0.7029357
/home/fluke/sandbox/udacity/robo_nd/RoboND-Rover-Project/my_dataset/IMG/robocam_2017_12_06_22_14_38_337.jpg;-10.35054;0;0;4.359123;105.4624;66.91769;359.7077;325.3302;0.3969992
/home/fluke/sandbox/udacity/robo_nd/RoboND-Rover-Project/my_dataset/IMG/robocam_2017_12_06_22_14_38_405.jpg;-13.33831;0;0;4.339846;105.7372;66.71012;359.5574;323.2021;359.7715
/home/fluke/sandbox/udacity/robo_nd/RoboND-Rover-Project/my_dataset/IMG/robocam_2017_12_06_22_14_38_477.jpg;-15;0;0;4.317868;105.9374;66.54818;359.515;321.2496;359.2168
/home/fluke/sandbox/udacity/robo_nd/RoboND-Rover-Project/my_dataset/IMG/robocam_2017_12_06_22_14_38_545.jpg;-15;0;0;4.286705;106.2002;66.3247;359.7036;318.626;358.5986
/home/fluke/sandbox/udacity/robo_nd/RoboND-Rover-Project/my_dataset/IMG/robocam_2017_12_06_22_14_38_612.jpg;-15;0;0;4.265372;106.3944;66.15184;0.02297334;316.4634;358.3806
/home/fluke/sandbox/udacity/robo_nd/RoboND-Rover-Project/my_dataset/IMG/robocam_2017_12_06_22_14_38_678.jpg;-15;0;0;4.156691;106.5435;65.97776;358.8967;314.3791;356.8574
/home/fluke/sandbox/udacity/robo_nd/RoboND-Rover-Project/my_dataset/IMG/robocam_2017_12_06_22_14_38_745.jpg;-15;0;0;4.053844;106.7064;65.75859;356.1781;313.7173;354.0936
/home/fluke/sandbox/udacity/robo_nd/RoboND-Rover-Project/my_dataset/IMG/robocam_2017_12_06_22_14_38_812.jpg;-15;0;0;3.992774;106.8497;65.59581;354.8704;313.6706;352.8273
/home/fluke/sandbox/udacity/robo_nd/RoboND-Rover-Project/my_dataset/IMG/robocam_2017_12_06_22_14_38_878.jpg;-15;0;0;3.931349;106.9701;65.4361;352.933;313.4249;350.9901
/home/fluke/sandbox/udacity/robo_nd/RoboND-Rover-Project/my_dataset/IMG/robocam_2017_12_06_22_14_38_946.jpg;-15;0;0;3.695458;107.0817;65.24689;348.9485;311.4329;347.303
/home/fluke/sandbox/udacity/robo_nd/RoboND-Rover-Project/my_dataset/IMG/robocam_2017_12_06_22_14_39_012.jpg;-15;0;0;3.306405;107.1691;65.12543;346.3718;311.4966;346.1772
/home/fluke/sandbox/udacity/robo_nd/RoboND-Rover-Project/my_dataset/IMG/robocam_2017_12_06_22_14_39_081.jpg;-15;0;0;3.229109;107.256;65.0067;343.4812;312.1562;345.1469
/home/fluke/sandbox/udacity/robo_nd/RoboND-Rover-Project/my_dataset/IMG/robocam_2017_12_06_22_14_39_149.jpg;-15;0;0;3.222445;107.391;64.86145;340.8678;313.0397;345.5163
/home/fluke/sandbox/udacity/robo_nd/RoboND-Rover-Project/my_dataset/IMG/robocam_2017_12_06_22_14_39_215.jpg;-15;0;0;2.683304;107.4487;64.75948;338.6221;313.4702;345.504
/home/fluke/sandbox/udacity/robo_nd/RoboND-Rover-Project/my_dataset/IMG/robocam_2017_12_06_22_14_39_278.jpg;-15;0;0;2.423231;107.4919;64.66174;335.9038;314.5226;345.5188
/home/fluke/sandbox/udacity/robo_nd/RoboND-Rover-Project/my_dataset/IMG/robocam_2017_12_06_22_14_39_338.jpg;-15;0;0;2.257942;107.5271;64.56838;332.7499;316.5578;345.9381
/home/fluke/sandbox/udacity/robo_nd/RoboND-Rover-Project/my_dataset/IMG/robocam_2017_12_06_22_14_39_412.jpg;-15;0;0;2.063648;107.5491;64.45087;327.8368;320.402;346.8887
/home/fluke/sandbox/udacity/robo_nd/RoboND-Rover-Project/my_dataset/IMG/robocam_2017_12_06_22_14_39_480.jpg;-15;0;0;1.321028;107.5484;64.37566;325.6088;321.174;346.569
/home/fluke/sandbox/udacity/robo_nd/RoboND-Rover-Project/my_dataset/IMG/robocam_2017_12_06_22_14_39_547.jpg;-15;0;0;1.217104;107.5455;64.30212;324.0973;319.4887;345.5142
/home/fluke/sandbox/udacity/robo_nd/RoboND-Rover-Project/my_dataset/IMG/robocam_2017_12_06_22_14_39_616.jpg;-15;0;0;0.9627767;107.549;64.27155;323.8987;316.4128;344.6306
/home/fluke/sandbox/udacity/robo_nd/RoboND-Rover-Project/my_dataset/IMG/robocam_2017_12_06_22_14_39_683.jpg;-15;0;0;0.7610124;107.5515;64.24635;324.3063;312.9488;344.7313
/home/fluke/sandbox/udacity/robo_nd/RoboND-Rover-Project/my_dataset/IMG/robocam_2017_12_06_22_14_39_747.jpg;-15;0;0;0.737914;107.5519;64.23454;324.9284;311.2724;345.8864
/home/fluke/sandbox/udacity/robo_nd/RoboND-Rover-Project/my_dataset/IMG/robocam_2017_12_06_22_14_39_816.jpg;-15;0;0;0.7565547;107.5521;64.2284;325.8977;310.1631;347.8127
/home/fluke/sandbox/udacity/robo_nd/RoboND-Rover-Project/my_dataset/IMG/robocam_2017_12_06_22_14_39_873.jpg;-15;0;0;-0.7822276;107.5406;64.21981;327.6963;308.4075;349.0628
/home/fluke/sandbox/udacity/robo_nd/RoboND-Rover-Project/my_dataset/IMG/robocam_2017_12_06_22_14_39_946.jpg;-15;0;0;-1.01608;107.513;64.20659;331.1562;304.5419;349.6
/home/fluke/sandbox/udacity/robo_nd/RoboND-Rover-Project/my_dataset/IMG/robocam_2017_12_06_22_14_40_013.jpg;-15;0;0;-1.165011;107.4878;64.19454;334.5094;300.8532;349.6527
/home/fluke/sandbox/udacity/robo_nd/RoboND-Rover-Project/my_dataset/IMG/robocam_2017_12_06_22_14_40_080.jpg;-15;0;0;-1.308311;107.4613;64.18014;338.4317;296.5943;349.6663
/home/fluke/sandbox/udacity/robo_nd/RoboND-Rover-Project/my_dataset/IMG/robocam_2017_12_06_22_14_40_147.jpg;-15;0;0;-1.260888;107.4367;64.15432;344.313;290.7456;350.6855
/home/fluke/sandbox/udacity/robo_nd/RoboND-Rover-Project/my_dataset/IMG/robocam_2017_12_06_22_14_40_213.jpg;-15;0;0;-1.371211;107.4236;64.12661;349.2612;286.6552;352.6038
/home/fluke/sandbox/udacity/robo_nd/RoboND-Rover-Project/my_dataset/IMG/robocam_2017_12_06_22_14_40_278.jpg;-15;0;0;-1.51748;107.4135;64.09003;354.4572;282.8877;355.429
/home/fluke/sandbox/udacity/robo_nd/RoboND-Rover-Project/my_dataset/IMG/robocam_2017_12_06_22_14_40_337.jpg;-15;0;0;-1.604966;107.4074;64.04467;359.7675;280.0022;359.1231
/home/fluke/sandbox/udacity/robo_nd/RoboND-Rover-Project/my_dataset/IMG/robocam_2017_12_06_22_14_40_404.jpg;-15;0;0;-1.467152;107.3683;64.01043;4.614051;278.4766;2.543792
/home/fluke/sandbox/udacity/robo_nd/RoboND-Rover-Project/my_dataset/IMG/robocam_2017_12_06_22_14_40_445.jpg;-15;0;0;-1.436541;107.3531;63.99611;6.699793;278.7034;4.024115
/home/fluke/sandbox/udacity/robo_nd/RoboND-Rover-Project/my_dataset/IMG/robocam_2017_12_06_22_14_40_511.jpg;-15;0;0;-1.13178;107.3379;63.9786;9.590343;280.3243;5.89705
/home/fluke/sandbox/udacity/robo_nd/RoboND-Rover-Project/my_dataset/IMG/robocam_2017_12_06_22_14_40_577.jpg;-15;0;0;-0.9240801;107.3231;63.96617;12.063;282.6163;7.138036
/home/fluke/sandbox/udacity/robo_nd/RoboND-Rover-Project/my_dataset/IMG/robocam_2017_12_06_22_14_40_644.jpg;-13.50308;0;0;-0.7744749;107.3022;63.95545;14.85423;286.3938;7.927348
/home/fluke/sandbox/udacity/robo_nd/RoboND-Rover-Project/my_dataset/IMG/robocam_2017_12_06_22_14_40_711.jpg;-10.51877;0;0;-0.6898538;107.2833;63.95047;16.4805;289.661;7.812166
/home/fluke/sandbox/udacity/robo_nd/RoboND-Rover-Project/my_dataset/IMG/robocam_2017_12_06_22_14_40_777.jpg;-7.500576;0;0;-0.5789049;107.2611;63.94665;17.67648;293.2725;7.106453
/home/fluke/sandbox/udacity/robo_nd/RoboND-Rover-Project/my_dataset/IMG/robocam_2017_12_06_22_14_40_844.jpg;-4.524944;0;0.1983755;-0.4781691;107.2253;63.94033;18.51701;298.5284;5.288124
/home/fluke/sandbox/udacity/robo_nd/RoboND-Rover-Project/my_dataset/IMG/robocam_2017_12_06_22_14_40_911.jpg;-1.508102;0;0.3994982;-0.3655503;107.1956;63.93308;18.63737;302.7338;3.436416
/home/fluke/sandbox/udacity/robo_nd/RoboND-Rover-Project/my_dataset/IMG/robocam_2017_12_06_22_14_40_977.jpg;0;0;0.5994;0.2828168;107.1659;63.91734;18.13259;306.7921;1.146134
/home/fluke/sandbox/udacity/robo_nd/RoboND-Rover-Project/my_dataset/IMG/robocam_2017_12_06_22_14_41_044.jpg;0;0;0.7992783;0.2108277;107.1332;63.91349;16.09015;310.6417;358.9863
/home/fluke/sandbox/udacity/robo_nd/RoboND-Rover-Project/my_dataset/IMG/robocam_2017_12_06_22_14_41_113.jpg;-1.567708;0;1;0.286389;107.1172;63.91862;13.9421;312.3938;358.3494
/home/fluke/sandbox/udacity/robo_nd/RoboND-Rover-Project/my_dataset/IMG/robocam_2017_12_06_22_14_41_179.jpg;-4.574111;0;1;0.4877851;107.1049;63.92612;11.3165;313.9302;358.2881
/home/fluke/sandbox/udacity/robo_nd/RoboND-Rover-Project/my_dataset/IMG/robocam_2017_12_06_22_14_41_247.jpg;-7.573721;0;1;0.6560962;107.0907;63.9348;7.328714;315.6782;358.8672
/home/fluke/sandbox/udacity/robo_nd/RoboND-Rover-Project/my_dataset/IMG/robocam_2017_12_06_22_14_41_305.jpg;-10.59782;0;1;0.834685;107.0839;63.93839;4.031014;316.4853;359.6951
/home/fluke/sandbox/udacity/robo_nd/RoboND-Rover-Project/my_dataset/IMG/robocam_2017_12_06_22_14_41_371.jpg;-13.24296;0;1;0.9719895;107.0779;63.93837;0.4230502;317.072;0.485719
/home/fluke/sandbox/udacity/robo_nd/RoboND-Rover-Project/my_dataset/IMG/robocam_2017_12_06_22_14_41_438.jpg;-15;0;1;0.9524807;107.0741;63.93367;357.234;317.1041;0.7966737
/home/fluke/sandbox/udacity/robo_nd/RoboND-Rover-Project/my_dataset/IMG/robocam_2017_12_06_22_14_41_480.jpg;-15;0;1;0.9173015;107.0726;63.93179;355.2874;317.1267;0.9016578
/home/fluke/sandbox/udacity/robo_nd/RoboND-Rover-Project/my_dataset/IMG/robocam_2017_12_06_22_14_41_545.jpg;-15;0;1;0.7653425;107.07;63.92987;351.8201;317.1719;0.9363636
/home/fluke/sandbox/udacity/robo_nd/RoboND-Rover-Project/my_dataset/IMG/robocam_2017_12_06_22_14_41_606.jpg;-15;0;1;0.6513145;107.0679;63.9291;349.6272;317.1767;0.8017129
/home/fluke/sandbox/udacity/robo_nd/RoboND-Rover-Project/my_dataset/IMG/robocam_2017_12_06_22_14_41_678.jpg;-15;0;1;0.4995246;107.0657;63.92857;347.8135;317.1421;0.5396174
/home/fluke/sandbox/udacity/robo_nd/RoboND-Rover-Project/my_dataset/IMG/robocam_2017_12_06_22_14_41_738.jpg;-15;0;1;0.3884951;107.0636;63.92805;346.4012;317.0641;0.1638958
/home/fluke/sandbox/udacity/robo_nd/RoboND-Rover-Project/my_dataset/IMG/robocam_2017_12_06_22_14_41_779.jpg;-15;0;1;0.3525309;107.0623;63.92762;345.6915;316.9893;359.8582
/home/fluke/sandbox/udacity/robo_nd/RoboND-Rover-Project/my_dataset/IMG/robocam_2017_12_06_22_14_41_846.jpg;-15;0;1;0.2153668;107.0637;63.93023;344.9213;316.9225;359.5813
/home/fluke/sandbox/udacity/robo_nd/RoboND-Rover-Project/my_dataset/IMG/robocam_2017_12_06_22_14_41_913.jpg;-15;0;1;0.08846482;107.0658;63.93248;344.8717;316.9278;359.5762
/home/fluke/sandbox/udacity/robo_nd/RoboND-Rover-Project/my_dataset/IMG/robocam_2017_12_06_22_14_41_980.jpg;-15;0;1;-0.09376714;107.0677;63.93377;345.2011;316.9553;359.6449
/home/fluke/sandbox/udacity/robo_nd/RoboND-Rover-Project/my_dataset/IMG/robocam_2017_12_06_22_14_42_047.jpg;-15;0;1;-0.1857373;107.071;63.93531;346.3353;317.0408;359.9418
/home/fluke/sandbox/udacity/robo_nd/RoboND-Rover-Project/my_dataset/IMG/robocam_2017_12_06_22_14_42_113.jpg;-15;0;1;-0.321697;107.0712;63.93341;347.716;317.0587;0.01490011
/home/fluke/sandbox/udacity/robo_nd/RoboND-Rover-Project/my_dataset/IMG/robocam_2017_12_06_22_14_42_180.jpg;-15;0;1;-0.4763523;107.0713;63.93124;349.4544;317.0494;-0.0003769038
/home/fluke/sandbox/udacity/robo_nd/RoboND-Rover-Project/my_dataset/IMG/robocam_2017_12_06_22_14_42_246.jpg;-1.415251;0;0;-0.5710142;107.0725;63.92965;352.41;317.0533;0.03317029
/home/fluke/sandbox/udacity/robo_nd/RoboND-Rover-Project/my_dataset/IMG/robocam_2017_12_06_22_14_42_308.jpg;-4.409466;0;0;-0.7008315;107.0721;63.92767;355.0177;317.0429;359.971
/home/fluke/sandbox/udacity/robo_nd/RoboND-Rover-Project/my_dataset/IMG/robocam_2017_12_06_22_14_42_371.jpg;-7.098756;0;0;-0.8070415;107.0727;63.92795;357.9362;317.0461;-7.427312E-05
/home/fluke/sandbox/udacity/robo_nd/RoboND-Rover-Project/my_dataset/IMG/robocam_2017_12_06_22_14_42_437.jpg;-10.09796;0;0;-0.8900636;107.072;63.92859;0.9390271;317.0502;359.9926
/home/fluke/sandbox/udacity/robo_nd/RoboND-Rover-Project/my_dataset/IMG/robocam_2017_12_06_22_14_42_509.jpg;-13.09474;0;0;-0.7514583;107.0705;63.92826;4.18181;317.0743;359.9919
/home/fluke/sandbox/udacity/robo_nd/RoboND-Rover-Project/my_dataset/IMG/robocam_2017_12_06_22_14_42_580.jpg;-15;0;0;-0.6038072;107.0698;63.92746;6.265233;317.0783;0.01168774
/home/fluke/sandbox/udacity/robo_nd/RoboND-Rover-Project/my_dataset/IMG/robocam_2017_12_06_22_14_42_644.jpg;-15;0;0;-0.4893669;107.0691;63.92604;8.466865;317.0844;0.01152023
/home/fluke/sandbox/udacity/robo_nd/RoboND-Rover-Project/my_dataset/IMG/robocam_2017_12_06_22_14_42_711.jpg;-15;0;0;-0.3802886;107.069;63.92519;9.664564;317.0893;0.02095878
/home/fluke/sandbox/udacity/robo_nd/RoboND-Rover-Project/my_dataset/IMG/robocam_2017_12_06_22_14_42_778.jpg;-15;0;0;-0.2184717;107.0677;63.92346;10.40842;314.5115;0.3753135
/home/fluke/sandbox/udacity/robo_nd/RoboND-Rover-Project/my_dataset/IMG/robocam_2017_12_06_22_14_42_845.jpg;-15;0;0;-0.1092952;107.0648;63.92074;10.76359;311.1893;0.6265215
/home/fluke/sandbox/udacity/robo_nd/RoboND-Rover-Project/my_dataset/IMG/robocam_2017_12_06_22_14_42_912.jpg;-15;0;0;0.06049011;107.0622;63.91908;10.56054;308.7228;0.6432702
/home/fluke/sandbox/udacity/robo_nd/RoboND-Rover-Project/my_dataset/IMG/robocam_2017_12_06_22_14_42_978.jpg;-15;0;0;0.1862498;107.0595;63.9179;9.972737;306.2646;0.4972955
/home/fluke/sandbox/udacity/robo_nd/RoboND-Rover-Project/my_dataset/IMG/robocam_2017_12_06_22_14_43_045.jpg;-15;0;0;0.2965232;107.0559;63.91702;8.627353;302.9871;0.02822258
/home/fluke/sandbox/udacity/robo_nd/RoboND-Rover-Project/my_dataset/IMG/robocam_2017_12_06_22_14_43_112.jpg;-15;0;0;0.4061576;107.0554;63.91802;7.187261;300.3271;359.6754
/home/fluke/sandbox/udacity/robo_nd/RoboND-Rover-Project/my_dataset/IMG/robocam_2017_12_06_22_14_43_178.jpg;-15;0;0;0.5288274;107.0574;63.92039;5.379844;297.4431;359.4856
/home/fluke/sandbox/udacity/robo_nd/RoboND-Rover-Project/my_dataset/IMG/robocam_2017_12_06_22_14_43_245.jpg;-15;0;0;0.6336495;107.0609;63.92308;2.518075;293.5453;359.2231
/home/fluke/sandbox/udacity/robo_nd/RoboND-Rover-Project/my_dataset/IMG/robocam_2017_12_06_22_14_43_304.jpg;-15;0;0;0.7030558;107.0633;63.92385;0.113971;290.6553;358.9931
/home/fluke/sandbox/udacity/robo_nd/RoboND-Rover-Project/my_dataset/IMG/robocam_2017_12_06_22_14_43_371.jpg;-15;0;0;0.7230328;107.064;63.92306;358.0378;287.9462;358.85
/home/fluke/sandbox/udacity/robo_nd/RoboND-Rover-Project/my_dataset/IMG/robocam_2017_12_06_22_14_43_446.jpg;-15;0;0;0.5349799;107.0679;63.92366;355.7527;284.6366;358.8789
/home/fluke/sandbox/udacity/robo_nd/RoboND-Rover-Project/my_dataset/IMG/robocam_2017_12_06_22_14_43_513.jpg;-15;0;0;0.4440762;107.0704;63.92417;354.3901;282.1324;358.932
/home/fluke/sandbox/udacity/robo_nd/RoboND-Rover-Project/my_dataset/IMG/robocam_2017_12_06_22_14_43_578.jpg;-15;0.199914;0;0.378162;107.0736;63.92016;353.3663;282.432;359.2929
/home/fluke/sandbox/udacity/robo_nd/RoboND-Rover-Project/my_dataset/IMG/robocam_2017_12_06_22_14_43_645.jpg;-15;0.3997235;0;0.3690034;107.0826;63.90269;352.8084;282.9985;359.9942
/home/fluke/sandbox/udacity/robo_nd/RoboND-Rover-Project/my_dataset/IMG/robocam_2017_12_06_22_14_43_712.jpg;-15;0.5996075;0;0.3354855;107.0873;63.88008;353.0289;283.1111;0.2352866
/home/fluke/sandbox/udacity/robo_nd/RoboND-Rover-Project/my_dataset/IMG/robocam_2017_12_06_22_14_43_778.jpg;-11.99887;0.7996831;0;0.3126973;107.0926;63.85012;353.7033;282.9972;0.3081384
/home/fluke/sandbox/udacity/robo_nd/RoboND-Rover-Project/my_dataset/IMG/robocam_2017_12_06_22_14_43_845.jpg;-8.998536;0.9997051;0;0.308819;107.1004;63.79708;355.3579;282.6469;0.1817201
/home/fluke/sandbox/udacity/robo_nd/RoboND-Rover-Project/my_dataset/IMG/robocam_2017_12_06_22_14_43_912.jpg;-6.003603;1;0;0.2899179;107.1073;63.74698;357.2159;282.0739;359.9571
/home/fluke/sandbox/udacity/robo_nd/RoboND-Rover-Project/my_dataset/IMG/robocam_2017_12_06_22_14_43_978.jpg;-3.007232;1;0;0.3274291;107.1191;63.68623;359.5568;281.7111;359.9574
/home/fluke/sandbox/udacity/robo_nd/RoboND-Rover-Project/my_dataset/IMG/robocam_2017_12_06_22_14_44_045.jpg;-0.00236392;1;0;0.4487433;107.1352;63.60346;2.293187;281.5425;-0.001767954
/home/fluke/sandbox/udacity/robo_nd/RoboND-Rover-Project/my_dataset/IMG/robocam_2017_12_06_22_14_44_112.jpg;0;1;0;0.4738133;107.1456;63.54955;3.737085;281.5392;-0.003695145
/home/fluke/sandbox/udacity/robo_nd/RoboND-Rover-Project/my_dataset/IMG/robocam_2017_12_06_22_14_44_178.jpg;0;1;0;0.5293843;107.1551;63.50001;4.746297;281.5294;-0.003386901
/home/fluke/sandbox/udacity/robo_nd/RoboND-Rover-Project/my_dataset/IMG/robocam_2017_12_06_22_14_44_245.jpg;0;1;0;0.5989084;107.1661;63.44193;5.377638;281.4957;-0.002796572
/home/fluke/sandbox/udacity/robo_nd/RoboND-Rover-Project/my_dataset/IMG/robocam_2017_12_06_22_14_44_304.jpg;0;1;0;0.6314948;107.1731;63.40397;5.320636;281.4682;-0.002904834
/home/fluke/sandbox/udacity/robo_nd/RoboND-Rover-Project/my_dataset/IMG/robocam_2017_12_06_22_14_44_371.jpg;0;1;0;0.704755;107.1794;63.3698;4.834099;281.4175;-0.001232163
/home/fluke/sandbox/udacity/robo_nd/RoboND-Rover-Project/my_dataset/IMG/robocam_2017_12_06_22_14_44_437.jpg;0;1;0;0.767306;107.1846;63.34095;3.890743;281.446;359.9924
/home/fluke/sandbox/udacity/robo_nd/RoboND-Rover-Project/my_dataset/IMG/robocam_2017_12_06_22_14_44_509.jpg;0;1;0;0.8130751;107.1904;63.30917;1.974631;281.4699;-0.004305189
/home/fluke/sandbox/udacity/robo_nd/RoboND-Rover-Project/my_dataset/IMG/robocam_2017_12_06_22_14_44_581.jpg;-3.403444;1;0;0.9250274;107.1956;63.28065;0.4031616;281.3864;0.001433925
/home/fluke/sandbox/udacity/robo_nd/RoboND-Rover-Project/my_dataset/IMG/robocam_2017_12_06_22_14_44_645.jpg;-6.406209;1;0;1.071191;107.2059;63.21839;359.0598;281.0048;0.002048719
/home/fluke/sandbox/udacity/robo_nd/RoboND-Rover-Project/my_dataset/IMG/robocam_2017_12_06_22_14_44_711.jpg;-9.273609;1;0;1.124834;107.2133;63.162;358.4865;280.535;359.9904
/home/fluke/sandbox/udacity/robo_nd/RoboND-Rover-Project/my_dataset/IMG/robocam_2017_12_06_22_14_44_778.jpg;-12.30674;1;0;1.130948;107.2221;63.09764;358.3062;280.0871;-0.004532624
/home/fluke/sandbox/udacity/robo_nd/RoboND-Rover-Project/my_dataset/IMG/robocam_2017_12_06_22_14_44_846.jpg;-15;1;0;1.152182;107.2358;62.99807;358.8062;279.4999;359.9942
/home/fluke/sandbox/udacity/robo_nd/RoboND-Rover-Project/my_dataset/IMG/robocam_2017_12_06_22_14_44_912.jpg;-15;1;0;1.212139;107.2413;62.91186;359.5325;278.1522;359.8849
/home/fluke/sandbox/udacity/robo_nd/RoboND-Rover-Project/my_dataset/IMG/robocam_2017_12_06_22_14_44_978.jpg;-12.03292;1;0;1.272214;107.2453;62.82255;0.2737452;276.803;359.7633
/home/fluke/sandbox/udacity/robo_nd/RoboND-Rover-Project/my_dataset/IMG/robocam_2017_12_06_22_14_45_045.jpg;-9.002806;1;0;1.32102;107.2519;62.70182;1.116509;275.3931;359.7725
/home/fluke/sandbox/udacity/robo_nd/RoboND-Rover-Project/my_dataset/IMG/robocam_2017_12_06_22_14_45_111.jpg;-6.004225;1;0;1.364908;107.2582;62.61274;1.507973;274.5802;359.9417
/home/fluke/sandbox/udacity/robo_nd/RoboND-Rover-Project/my_dataset/IMG/robocam_2017_12_06_22_14_45_178.jpg;-3.033099;1;0;1.409949;107.2633;62.529;1.468048;273.7581;0.08513602
/home/fluke/sandbox/udacity/robo_nd/RoboND-Rover-Project/my_dataset/IMG/robocam_2017_12_06_22_14_45_246.jpg;-0.0118053;1;0;1.476889;107.2685;62.41615;1.111955;273.267;0.01158849
/home/fluke/sandbox/udacity/robo_nd/RoboND-Rover-Project/my_dataset/IMG/robocam_2017_12_06_22_14_45_304.jpg;0;1;0;1.545365;107.274;62.32541;0.9558309;273.2648;359.9922
/home/fluke/sandbox/udacity/robo_nd/RoboND-Rover-Project/my_dataset/IMG/robocam_2017_12_06_22_14_45_371.jpg;0;1;0;1.58975;107.2798;62.2307;0.8754385;273.2749;359.9854
/home/fluke/sandbox/udacity/robo_nd/RoboND-Rover-Project/my_dataset/IMG/robocam_2017_12_06_22_14_45_445.jpg;0;1;0;1.649022;107.288;62.09852;0.8690873;273.2904;359.988
/home/fluke/sandbox/udacity/robo_nd/RoboND-Rover-Project/my_dataset/IMG/robocam_2017_12_06_22_14_45_512.jpg;0;1;0;1.693472;107.2944;61.9952;0.9261224;273.302;-0.001771135
/home/fluke/sandbox/udacity/robo_nd/RoboND-Rover-Project/my_dataset/IMG/robocam_2017_12_06_22_14_45_578.jpg;0;1;0;1.752753;107.3007;61.88852;1.022578;273.3054;-0.001226148
/home/fluke/sandbox/udacity/robo_nd/RoboND-Rover-Project/my_dataset/IMG/robocam_2017_12_06_22_14_45_645.jpg;0;0.9001539;0;1.797285;107.309;61.74145;1.192314;273.3015;-0.0008392811
/home/fluke/sandbox/udacity/robo_nd/RoboND-Rover-Project/my_dataset/IMG/robocam_2017_12_06_22_14_45_711.jpg;0;0.6998558;0;1.835996;107.3152;61.62875;1.310569;273.2928;-0.001122586
/home/fluke/sandbox/udacity/robo_nd/RoboND-Rover-Project/my_dataset/IMG/robocam_2017_12_06_22_14_45_778.jpg;0;0.5006199;0;1.874381;107.3212;61.5163;1.316773;273.2819;-0.00123546
/home/fluke/sandbox/udacity/robo_nd/RoboND-Rover-Project/my_dataset/IMG/robocam_2017_12_06_22_14_45_845.jpg;0;0.3013418;0;1.894495;107.3292;61.36631;1.230236;273.2666;-0.0003895907
/home/fluke/sandbox/udacity/robo_nd/RoboND-Rover-Project/my_dataset/IMG/robocam_2017_12_06_22_14_45_914.jpg;0;0.1011102;0;1.902756;107.3352;61.25381;1.140569;273.2549;-0.0003173232
/home/fluke/sandbox/udacity/robo_nd/RoboND-Rover-Project/my_dataset/IMG/robocam_2017_12_06_22_14_45_977.jpg;0;0;0;1.899305;107.3411;61.14206;1.02069;273.2438;-0.0001583668
/home/fluke/sandbox/udacity/robo_nd/RoboND-Rover-Project/my_dataset/IMG/robocam_2017_12_06_22_14_46_039.jpg;0;0;0;1.893429;107.3469;61.03112;0.8755573;273.2332;6.910204E-05
/home/fluke/sandbox/udacity/robo_nd/RoboND-Rover-Project/my_dataset/IMG/robocam_2017_12_06_22_14_46_111.jpg;0;0;0;1.887497;107.3548;60.88419;0.6573797;273.2226;0.006834006
/home/fluke/sandbox/udacity/robo_nd/RoboND-Rover-Project/my_dataset/IMG/robocam_2017_12_06_22_14_46_177.jpg;0;0;0;1.879486;107.3608;60.7746;0.4847127;273.219;0.01992574
/home/fluke/sandbox/udacity/robo_nd/RoboND-Rover-Project/my_dataset/IMG/robocam_2017_12_06_22_14_46_245.jpg;0;0;0;1.873402;107.3689;60.62911;0.2512613;273.2188;0.04390649
/home/fluke/sandbox/udacity/robo_nd/RoboND-Rover-Project/my_dataset/IMG/robocam_2017_12_06_22_14_46_304.jpg;0;0;0;1.867246;107.375;60.52044;0.07518175;273.2189;0.05955113
/home/fluke/sandbox/udacity/robo_nd/RoboND-Rover-Project/my_dataset/IMG/robocam_2017_12_06_22_14_46_371.jpg;0;0;0;1.861011;107.381;60.41206;359.9041;273.219;0.07257395
/home/fluke/sandbox/udacity/robo_nd/RoboND-Rover-Project/my_dataset/IMG/robocam_2017_12_06_22_14_46_445.jpg;0;0;0;1.852545;107.3888;60.26749;359.7131;273.2107;0.06348552
/home/fluke/sandbox/udacity/robo_nd/RoboND-Rover-Project/my_dataset/IMG/robocam_2017_12_06_22_14_46_511.jpg;0;0;0;1.845729;107.3947;60.15899;359.6009;273.2047;0.04407233
/home/fluke/sandbox/udacity/robo_nd/RoboND-Rover-Project/my_dataset/IMG/robocam_2017_12_06_22_14_46_578.jpg;0;0;0;1.836917;107.4006;60.05049;359.5126;273.1996;0.01789421
/home/fluke/sandbox/udacity/robo_nd/RoboND-Rover-Project/my_dataset/IMG/robocam_2017_12_06_22_14_46_645.jpg;0;0;0;1.830203;107.4087;59.90591;359.4254;273.1971;359.9814
